{
  "target_rejection": {
    "nicv_top10": {
      "timing_std": 0.0045015203621921965,
      "kde_d30": 0.0034123369541323055,
      "kde_d35": 0.00287076602987254,
      "kde_d25": 0.002719721159309951,
      "timing_min": 0.0022577528850866386,
      "timing_skew": 0.002167698221934886,
      "timing_iqr": 0.0021651731830814765,
      "kde_d45": 0.002161353155221211,
      "kde_d20": 0.002023954147600869,
      "kde_d40": 0.001755701641561815
    },
    "mi_top10": {
      "kde_p85": 0.020133009031892524,
      "timing_iqr": 0.01574384678769647,
      "kde_p05": 0.01574022073711845,
      "kde_d80": 0.01260574379607915,
      "kde_d50": 0.012416429856466404,
      "kde_d75": 0.011925779483634269,
      "kde_p75": 0.009755383861719036,
      "timing_kurtosis": 0.005960576964486375,
      "kde_p60": 0.005765223341512193,
      "kde_d65": 0.005304730308699934
    },
    "dummy": {
      "name": "Dummy",
      "accuracy": 0.4826388888888889,
      "precision": 0.0,
      "recall": 0.0,
      "f1": 0.0,
      "confusion_matrix": [
        [
          139,
          0
        ],
        [
          149,
          0
        ]
      ]
    },
    "xgboost": {
      "name": "XGBoost",
      "accuracy": 0.4965277777777778,
      "precision": 0.5144927536231884,
      "recall": 0.47651006711409394,
      "f1": 0.49477351916376305,
      "confusion_matrix": [
        [
          72,
          67
        ],
        [
          78,
          71
        ]
      ]
    },
    "feature_importance": {
      "kde_d85": 0.026593884453177452,
      "timing_median": 0.026513081043958664,
      "kde_p65": 0.025804653763771057,
      "kde_p45": 0.025118159130215645,
      "kde_p25": 0.024662867188453674,
      "kde_d30": 0.023953981697559357,
      "timing_mean": 0.02365966886281967,
      "kde_d75": 0.023565521463751793,
      "kde_d95": 0.023455241695046425,
      "kde_p15": 0.023319249972701073
    },
    "random_forest": {
      "name": "RandomForest",
      "accuracy": 0.4270833333333333,
      "precision": 0.44285714285714284,
      "recall": 0.4161073825503356,
      "f1": 0.4290657439446367,
      "confusion_matrix": [
        [
          61,
          78
        ],
        [
          87,
          62
        ]
      ]
    },
    "gradient_boosting": {
      "name": "GradientBoosting",
      "accuracy": 0.4513888888888889,
      "precision": 0.46853146853146854,
      "recall": 0.44966442953020136,
      "f1": 0.4589041095890411,
      "confusion_matrix": [
        [
          63,
          76
        ],
        [
          82,
          67
        ]
      ]
    }
  },
  "target_msg_hw_parity": {
    "nicv_top10": {
      "kde_d45": 0.004598235536684352,
      "kde_d50": 0.003898978591817974,
      "kde_d55": 0.0034915537173522836,
      "kde_d40": 0.0025597926237186978,
      "kde_d85": 0.0022679192722556093,
      "kde_d30": 0.0021138034192551836,
      "kde_d60": 0.0017268632348635432,
      "kde_d25": 0.0013571062375694494,
      "kde_d05": 0.0013294478562323434,
      "kde_d35": 0.0012206563951292914
    },
    "mi_top10": {
      "kde_p65": 0.02241354685924435,
      "kde_p80": 0.01747032925630121,
      "timing_skew": 0.015429459586891348,
      "kde_d80": 0.010689120548679654,
      "kde_d65": 0.010327411431890976,
      "kde_d90": 0.008636307664205312,
      "kde_d30": 0.007273487193116601,
      "kde_p70": 0.0071646519110544205,
      "kde_d25": 0.006381570236380973,
      "kde_p10": 0.005826408537281669
    },
    "dummy": {
      "name": "Dummy",
      "accuracy": 0.5138888888888888,
      "precision": 0.5138888888888888,
      "recall": 1.0,
      "f1": 0.6788990825688074,
      "confusion_matrix": [
        [
          0,
          140
        ],
        [
          0,
          148
        ]
      ]
    },
    "xgboost": {
      "name": "XGBoost",
      "accuracy": 0.5208333333333334,
      "precision": 0.5333333333333333,
      "recall": 0.5405405405405406,
      "f1": 0.5369127516778524,
      "confusion_matrix": [
        [
          70,
          70
        ],
        [
          68,
          80
        ]
      ]
    },
    "feature_importance": {
      "kde_d85": 0.02687278762459755,
      "kde_p70": 0.02626938745379448,
      "kde_d50": 0.025775745511054993,
      "kde_d45": 0.025403566658496857,
      "kde_d15": 0.024642523378133774,
      "kde_d60": 0.024556703865528107,
      "kde_p20": 0.02451092191040516,
      "timing_iqr": 0.024158261716365814,
      "kde_d30": 0.023924995213747025,
      "kde_p15": 0.02349480427801609
    },
    "random_forest": {
      "name": "RandomForest",
      "accuracy": 0.5034722222222222,
      "precision": 0.5149700598802395,
      "recall": 0.581081081081081,
      "f1": 0.546031746031746,
      "confusion_matrix": [
        [
          59,
          81
        ],
        [
          62,
          86
        ]
      ]
    },
    "gradient_boosting": {
      "name": "GradientBoosting",
      "accuracy": 0.4756944444444444,
      "precision": 0.4900662251655629,
      "recall": 0.5,
      "f1": 0.49498327759197325,
      "confusion_matrix": [
        [
          63,
          77
        ],
        [
          74,
          74
        ]
      ]
    }
  },
  "target_msg_hw_bin": {
    "nicv_top10": {
      "kde_d35": 0.003162987904178887,
      "kde_d15": 0.0030292813683965173,
      "kde_d40": 0.00264316499471021,
      "kde_d20": 0.0023828890124513178,
      "timing_mean": 0.0023427325917011687,
      "kde_d30": 0.002337746539020211,
      "kde_d10": 0.0018729042459928564,
      "kde_d95": 0.0013822198458433247,
      "kde_d05": 0.001378750174045315,
      "kde_d25": 0.001155077725862226
    },
    "mi_top10": {
      "kde_d30": 0.028442301957555483,
      "timing_kurtosis": 0.021122825014793456,
      "kde_d40": 0.0149031040053762,
      "kde_d60": 0.014455380658908279,
      "kde_d90": 0.01324391429680194,
      "kde_d70": 0.013013015242684833,
      "timing_median": 0.012134482453984408,
      "kde_d55": 0.009073062089246076,
      "kde_p35": 0.008764816557962352,
      "kde_d85": 0.008183851080343807
    },
    "dummy": {
      "name": "Dummy",
      "accuracy": 0.5173611111111112,
      "precision": 0.5173611111111112,
      "recall": 1.0,
      "f1": 0.6819221967963387,
      "confusion_matrix": [
        [
          0,
          139
        ],
        [
          0,
          149
        ]
      ]
    },
    "xgboost": {
      "name": "XGBoost",
      "accuracy": 0.5416666666666666,
      "precision": 0.5521472392638037,
      "recall": 0.6040268456375839,
      "f1": 0.5769230769230769,
      "confusion_matrix": [
        [
          66,
          73
        ],
        [
          59,
          90
        ]
      ]
    },
    "feature_importance": {
      "kde_p15": 0.027737047523260117,
      "timing_mean": 0.02705000713467598,
      "kde_p10": 0.026725227013230324,
      "kde_d15": 0.02613992802798748,
      "kde_p25": 0.025706494227051735,
      "kde_p40": 0.025626033544540405,
      "kde_d70": 0.025590796023607254,
      "kde_p45": 0.025317007675766945,
      "timing_min": 0.024980146437883377,
      "kde_d95": 0.024701891466975212
    },
    "random_forest": {
      "name": "RandomForest",
      "accuracy": 0.5381944444444444,
      "precision": 0.5454545454545454,
      "recall": 0.6442953020134228,
      "f1": 0.5907692307692308,
      "confusion_matrix": [
        [
          59,
          80
        ],
        [
          53,
          96
        ]
      ]
    },
    "gradient_boosting": {
      "name": "GradientBoosting",
      "accuracy": 0.53125,
      "precision": 0.5443037974683544,
      "recall": 0.5771812080536913,
      "f1": 0.5602605863192183,
      "confusion_matrix": [
        [
          67,
          72
        ],
        [
          63,
          86
        ]
      ]
    }
  },
  "target_coeff0_hw_bin": {
    "nicv_top10": {
      "timing_kurtosis": 0.003443726769836647,
      "kde_p95": 0.003171948011205105,
      "kde_d05": 0.001966636191106419,