{
  "target_lsb_c0": {
    "timing_min": {
      "r": -0.00893659114883246,
      "p_value": 0.7533298771715042,
      "r_val": -0.021706190978421348,
      "p_value_val": 0.7210606713558436
    },
    "timing_q05": {
      "r": -0.012529157918267383,
      "p_value": 0.6595088361259683,
      "r_val": -0.034019034244301284,
      "p_value_val": 0.5757048044773292
    },
    "timing_q10": {
      "r": -0.010700661235346721,
      "p_value": 0.7067029552079996,
      "r_val": -0.03745004775185694,
      "p_value_val": 0.5377933340254921
    },
    "timing_q25": {
      "r": -0.010820813527947544,
      "p_value": 0.7035645139819869,
      "r_val": -0.058337856441586615,
      "p_value_val": 0.33690681723193094
    },
    "timing_median": {
      "r": -0.014485011664764794,
      "p_value": 0.6104885043659833,
      "r_val": -0.07730228761981048,
      "p_value_val": 0.20291552558405895
    },
    "timing_mean": {
      "r": -0.01954343814260602,
      "p_value": 0.49190049744111736
    },
    "timing_std": {
      "r": -0.019889598022890063,
      "p_value": 0.4842614210727196
    },
    "timing_iqr": {
      "r": -0.009601931651746026,
      "p_value": 0.7356275760225345
    },
    "timing_range": {
      "r": 0.001598889401867411,
      "p_value": 0.9551639768547285
    },
    "timing_skew": {
      "r": 0.0070738437082750825,
      "p_value": 0.8035564372927562
    }
  },
  "target_hw_bin": {
    "timing_min": {
      "r": 0.02951048087135022,
      "p_value": 0.2993027638255291,
      "r_val": 0.10121342925308899,
      "p_value_val": 0.09513019420675624
    },
    "timing_q05": {
      "r": 0.027019665929979952,
      "p_value": 0.3419647085431537,
      "r_val": 0.09885861826199827,
      "p_value_val": 0.10311997626920132
    },
    "timing_q10": {
      "r": 0.03016436582071374,
      "p_value": 0.2887179604223254,
      "r_val": 0.09085080014957603,
      "p_value_val": 0.13431210826933376
    },
    "timing_q25": {
      "r": 0.018915828022918517,
      "p_value": 0.5059137142195064,
      "r_val": 0.09828490953735548,
      "p_value_val": 0.10514478031776774
    },
    "timing_median": {
      "r": -0.011851238842953991,
      "p_value": 0.6768609469578184,
      "r_val": 0.13879805686562763,
      "p_value_val": 0.021795573489542742
    },
    "timing_mean": {
      "r": 0.012641301212566737,
      "p_value": 0.6566556450020458
    },
    "timing_std": {
      "r": -0.03371434277352568,
      "p_value": 0.23567561438162288
    },
    "timing_iqr": {
      "r": -0.012397269480106159,
      "p_value": 0.6628707296242393
    },
    "timing_range": {
      "r": -0.0352403099831331,
      "p_value": 0.2151337903749267
    },
    "timing_skew": {
      "r": 0.026279704377847338,
      "p_value": 0.35535272960843356
    }
  },
  "target_hw_parity": {
    "timing_min": {
      "r": 0.014313616492127056,
      "p_value": 0.6147193347919528,
      "r_val": 0.07726603936572436,
      "p_value_val": 0.20312803383346276
    },
    "timing_q05": {
      "r": 0.013941035736937994,
      "p_value": 0.6239605010306192,
      "r_val": 0.07350396532457297,
      "p_value_val": 0.2260677529141013
    },
    "timing_q10": {
      "r": 0.016320709045847634,
      "p_value": 0.5660097161203855,
      "r_val": 0.06759232483369028,
      "p_value_val": 0.26572673546550046
    },
    "timing_q25": {
      "r": 0.025850111825029172,
      "p_value": 0.36327477756351106,
      "r_val": 0.03833736982248314,
      "p_value_val": 0.5281956575241997
    },
    "timing_median": {
      "r": 0.03065179180805833,
      "p_value": 0.2809936129567008,
      "r_val": 0.03868433716059837,
      "p_value_val": 0.5244664453628665
    },
    "timing_mean": {
      "r": 0.030872008721749375,
      "p_value": 0.2775501646175989
    },
    "timing_std": {
      "r": 0.012466357899995697,
      "p_value": 0.6611087844867778
    },
    "timing_iqr": {
      "r": -0.011817854353074645,
      "p_value": 0.677719998703855
    },
    "timing_range": {
      "r": -0.0031178343336414165,
      "p_value": 0.9126984619839961
    },
    "timing_skew": {
      "r": -0.026979471344942958,
      "p_value": 0.34268355928244093
    }
  }
}