{
  "trace_valid_ct": {
    "welch_t": -1.0295793561628899,
    "welch_p": 0.3032242030053058,
    "levene_F": 0.1472993266422977,
    "levene_p": 0.7011351349317094,
    "n_a": 7600,
    "n_b": 7400,
    "mean_a": 744.3486842105264,
    "mean_b": 751.4886486486487,
    "std_a": 414.4042512080702,
    "std_b": 434.30557324564455
  },
  "trace_msg_hw_parity": {
    "welch_t": -0.8375564817161095,
    "welch_p": 0.402293616882777,
    "levene_F": 0.15423250265165642,
    "levene_p": 0.6945285829365812,
    "n_a": 7550,
    "n_b": 7450,
    "mean_a": 744.9919205298013,
    "mean_b": 750.7888590604027,
    "std_a": 463.0328025379119,
    "std_b": 381.15021944362013
  },
  "trace_sk_lsb": {
    "welch_t": -0.5939014838640555,
    "welch_p": 0.5525874906063364,
    "levene_F": 0.42375516536061825,
    "levene_p": 0.5150791851278353,
    "n_a": 6600,
    "n_b": 8400,
    "mean_a": 745.5492424242424,
    "mean_b": 749.6953571428571,
    "std_a": 424.53117778146395,
    "std_b": 424.20567330501154
  },
  "trace_sk_byte0_high": {
    "welch_t": -1.3616593566397464,
    "welch_p": 0.17332650757119158,
    "levene_F": 0.3705763547869337,
    "levene_p": 0.542699492562656,
    "n_a": 7050,
    "n_b": 7950,
    "mean_a": 742.8438297872341,
    "mean_b": 752.3291823899372,
    "std_a": 437.01597501621757,
    "std_b": 412.7492782953034
  },
  "trace_coeff0_hw_high": {
    "welch_t": -0.6265096685326186,
    "welch_p": 0.5309902342820036,
    "levene_F": 0.0211215923159599,
    "levene_p": 0.884450154637171,
    "n_a": 7650,
    "n_b": 7350,
    "mean_a": 745.7443137254902,
    "mean_b": 750.0846258503401,
    "std_a": 429.8057618566585,
    "std_b": 418.59266797449146
  },
  "key_timing_mean_valid_ct": {
    "welch_t": -0.5706892503125335,
    "welch_p": 0.5686427419454552,
    "n_a": 152,
    "n_b": 148,
    "mean_a": 744.3486842105264,
    "mean_b": 751.4886486486487
  },
  "key_timing_mean_msg_hw_parity": {
    "welch_t": -0.4636573795316104,
    "welch_p": 0.643231755952918,
    "n_a": 151,
    "n_b": 149,
    "mean_a": 744.9919205298013,
    "mean_b": 750.7888590604026
  },
  "key_timing_mean_sk_lsb": {
    "welch_t": -0.32393742276680465,
    "welch_p": 0.7462439665171958,
    "n_a": 132,
    "n_b": 168,
    "mean_a": 745.5492424242424,
    "mean_b": 749.6953571428572
  },
  "key_timing_std_valid_ct": {
    "welch_t": -0.09255008817965667,
    "welch_p": 0.9263235790899389,
    "n_a": 152,
    "n_b": 148,
    "mean_a": 180.78724621893275,
    "mean_b": 184.78020282557702
  },
  "key_timing_std_msg_hw_parity": {
    "welch_t": 0.6018800459431327,
    "welch_p": 0.5477310180820761,
    "n_a": 151,
    "n_b": 149,
    "mean_a": 195.61776084889243,
    "mean_b": 169.72382251866063
  },
  "key_timing_std_sk_lsb": {
    "welch_t": -0.5422938968841703,
    "welch_p": 0.5880495080396366,
    "n_a": 132,
    "n_b": 168,
    "mean_a": 169.54269131367877,
    "mean_b": 193.1398582741523
  },
  "key_timing_var_valid_ct": {
    "welch_t": -0.13357063306125877,
    "welch_p": 0.8938323711283238,
    "n_a": 152,
    "n_b": 148,
    "mean_a": 163908.85350698174,
    "mean_b": 180018.20494760064
  },
  "key_timing_var_msg_hw_parity": {
    "welch_t": 0.580875378889233,
    "welch_p": 0.5617685974711422,
    "n_a": 151,
    "n_b": 149,
    "mean_a": 206598.25663738343,
    "mean_b": 136647.6732420216
  },
  "key_timing_var_sk_lsb": {
    "welch_t": -0.022979639209755404,
    "welch_p": 0.9816857010568922,
    "n_a": 132,
    "n_b": 168,
    "mean_a": 170242.34696660482,
    "mean_b": 173124.10872448975
  },
  "key_timing_max_valid_ct": {
    "welch_t": -0.0231695295751777,
    "welch_p": 0.9815305507897357,
    "n_a": 152,
    "n_b": 148,
    "mean_a": 1527.7105263157894,
    "mean_b": 1534.587837837838
  },
  "key_timing_max_msg_hw_parity": {
    "welch_t": 0.5983383468001212,
    "welch_p": 0.550089697876075,
    "n_a": 151,
    "n_b": 149,
    "mean_a": 1619.1456953642385,
    "mean_b": 1441.8791946308725
  },
  "key_timing_max_sk_lsb": {
    "welch_t": -0.3786771273471652,
    "welch_p": 0.7052295106214879,
    "n_a": 132,
    "n_b": 168,
    "mean_a": 1466.8939393939395,
    "mean_b": 1581.5535714285713
  },
  "key_timing_median_valid_ct": {
    "welch_t": -1.2002355239266898,
    "welch_p": 0.2310079753957053,
    "n_a": 152,
    "n_b": 148,
    "mean_a": 731.1776315789474,
    "mean_b": 737.652027027027
  },
  "key_timing_median_msg_hw_parity": {
    "welch_t": -1.707009668108591,
    "welch_p": 0.08886904746974698,
    "n_a": 151,
    "n_b": 149,
    "mean_a": 729.8112582781457,
    "mean_b": 738.993288590604
  },
  "key_timing_median_sk_lsb": {
    "welch_t": 0.2054234008630093,
    "welch_p": 0.8373961513959797,
    "n_a": 132,
    "n_b": 168,
    "mean_a": 735.0037878787879,
    "mean_b": 733.875
  },
  "var_ratio_valid_ct": {
    "mean_var_a": 163908.85350698174,
    "mean_var_b": 180018.20494760064,
    "ratio": 0.9105126537323935
  },
  "var_ratio_msg_hw_parity": {
    "mean_var_a": 206598.25663738343,
    "mean_var_b": 136647.6732420216,
    "ratio": 1.5119046796462448
  },
  "var_ratio_sk_lsb": {
    "mean_var_a": 170242.34696660482,
    "mean_var_b": 173124.10872448975,
    "ratio": 0.9833543590253454
  },
  "ks_valid_ct": {
    "ks_stat": 0.026162873399715503,
    "ks_p": 0.011519395091961196,
    "n_a": 7600,
    "n_b": 7400
  },
  "ks_msg_hw_parity": {
    "ks_stat": 0.03919107515889595,
    "ks_p": 1.9112453521583084e-05,
    "n_a": 7550,
    "n_b": 7450
  },
  "ks_sk_lsb": {
    "ks_stat": 0.009437229437229437,
    "ks_p": 0.8932530456109717,
    "n_a": 6600,
    "n_b": 8400
  }
}