{
  "target_rejection": {
    "test_acc": 0.54,
    "p_value": 0.13628218543236872,
    "majority": 0.5066666666666667,
    "val_acc": 0.57,
    "top_features": {
      "spike_max": 0.05879762023687363,
      "timing_var": 0.058541011065244675,
      "timing_p90": 0.05795127525925636,
      "cv": 0.057075053453445435,
      "tail_ratio_max_med": 0.05697638913989067,
      "timing_median": 0.05683153495192528,
      "spike_mean": 0.05496741458773613,
      "tail_ratio_99_med": 0.054355688393116,
      "timing_p95": 0.05267791822552681,
      "timing_mean": 0.05205226317048073
    }
  },
  "target_msg_hw_parity": {
    "test_acc": 0.49666666666666665,
    "p_value": 0.6136042630820067,
    "majority": 0.5033333333333333,
    "val_acc": 0.5366666666666666,
    "top_features": {
      "spike_max": 0.05748087540268898,
      "timing_p99": 0.055637992918491364,
      "tail_ratio_max_med": 0.05476561561226845,
      "tail_ratio_99_med": 0.05309375375509262,
      "timing_range": 0.05295580253005028,
      "timing_max": 0.05292271822690964,
      "spike_mean": 0.05214669555425644,
      "timing_skew": 0.05132666230201721,
      "timing_var": 0.051210105419158936,
      "timing_std": 0.05080154538154602
    }
  },
  "target_sk_lsb": {
    "test_acc": 0.53,
    "p_value": 0.865315088786911,
    "majority": 0.56,
    "val_acc": 0.51,
    "top_features": {
      "timing_p90": 0.05369826778769493,
      "cv": 0.05360851436853409,
      "spike_mean": 0.05274973064661026,
      "tail_ratio_99_med": 0.05253276973962784,
      "timing_p99": 0.05252325162291527,
      "timing_skew": 0.05228189751505852,
      "spike_max": 0.051733002066612244,
      "timing_var": 0.051424190402030945,
      "timing_range": 0.04983928054571152,
      "timing_kurtosis": 0.04981786012649536
    }
  }
}