{
  "50": {
    "target_rejection": {
      "xgb_acc": 0.43333333333333335,
      "xgb_p": 0.8998046898781178,
      "template_acc": 0.5,
      "template_p": 0.7090831412113119,
      "majority": 0.5333333333333333,
      "max_snr": 0.03198818278910387,
      "n_train": 139,
      "n_test": 30
    },
    "target_msg_hw_parity": {
      "xgb_acc": 0.43333333333333335,
      "xgb_p": 0.8998046898781178,
      "template_acc": 0.5333333333333333,
      "template_p": 0.573955720812787,
      "majority": 0.5333333333333333,
      "max_snr": 0.034096961819268364,
      "n_train": 139,
      "n_test": 30
    },
    "target_sk_lsb": {
      "xgb_acc": 0.5666666666666667,
      "xgb_p": 0.5760200886822466,
      "template_acc": 0.6333333333333333,
      "template_p": 0.29264322820349525,
      "majority": 0.5666666666666667,
      "max_snr": 0.018619641244206675,
      "n_train": 139,
      "n_test": 30
    }
  },
  "100": {
    "target_rejection": {
      "xgb_acc": 0.36666666666666664,
      "xgb_p": 0.9781760345087658,
      "template_acc": 0.5666666666666667,
      "template_p": 0.42917634181436776,
      "majority": 0.5333333333333333,
      "max_snr": 0.00991262518634278,
      "n_train": 139,
      "n_test": 30
    },
    "target_msg_hw_parity": {
      "xgb_acc": 0.5333333333333333,
      "xgb_p": 0.573955720812787,
      "template_acc": 0.6333333333333333,
      "template_p": 0.18044239470223722,
      "majority": 0.5333333333333333,
      "max_snr": 0.0467238587410273,
      "n_train": 139,
      "n_test": 30
    },
    "target_sk_lsb": {
      "xgb_acc": 0.4666666666666667,
      "xgb_p": 0.9008671045583384,
      "template_acc": 0.5333333333333333,
      "template_p": 0.7113469975639358,
      "majority": 0.5666666666666667,
      "max_snr": 0.024286967718537472,
      "n_train": 139,
      "n_test": 30
    }
  },
  "250": {
    "target_rejection": {
      "xgb_acc": 0.5,
      "xgb_p": 0.7090831412113119,
      "template_acc": 0.4666666666666667,
      "template_p": 0.8199298532569769,
      "majority": 0.5333333333333333,
      "max_snr": 0.021979456102936088,
      "n_train": 139,
      "n_test": 30
    },
    "target_msg_hw_parity": {
      "xgb_acc": 0.43333333333333335,
      "xgb_p": 0.8998046898781178,
      "template_acc": 0.5,
      "template_p": 0.7090831412113119,
      "majority": 0.5333333333333333,
      "max_snr": 0.04856557666617673,
      "n_train": 139,
      "n_test": 30
    },
    "target_sk_lsb": {
      "xgb_acc": 0.43333333333333335,
      "xgb_p": 0.9507034937704287,
      "template_acc": 0.5666666666666667,
      "template_p": 0.5760200886822466,
      "majority": 0.5666666666666667,
      "max_snr": 0.04731187251449781,
      "n_train": 139,
      "n_test": 30
    }
  },
  "500": {
    "target_rejection": {
      "xgb_acc": 0.3,
      "xgb_p": 0.9971939537579879,
      "template_acc": 0.5666666666666667,
      "template_p": 0.42917634181436776,
      "majority": 0.5333333333333333,
      "max_snr": 0.02710791869697877,
      "n_train": 139,
      "n_test": 30
    },
    "target_msg_hw_parity": {
      "xgb_acc": 0.5666666666666667,
      "xgb_p": 0.42917634181436776,
      "template_acc": 0.4666666666666667,
      "template_p": 0.8199298532569769,
      "majority": 0.5333333333333333,
      "max_snr": 0.021825644434935655,
      "n_train": 139,
      "n_test": 30
    },
    "target_sk_lsb": {
      "xgb_acc": 0.5333333333333333,
      "xgb_p": 0.7113469975639358,
      "template_acc": 0.5333333333333333,
      "template_p": 0.7113469975639358,
      "majority": 0.5666666666666667,
      "max_snr": 0.03694997588634486,
      "n_train": 139,
      "n_test": 30
    }
  },
  "1000": {
    "target_rejection": {
      "xgb_acc": 0.4666666666666667,
      "xgb_p": 0.8199298532569769,
      "template_acc": 0.5,
      "template_p": 0.7090831412113119,
      "majority": 0.5333333333333333,
      "max_snr": 0.013783407911529261,
      "n_train": 139,
      "n_test": 30
    },
    "target_msg_hw_parity": {
      "xgb_acc": 0.5333333333333333,
      "xgb_p": 0.573955720812787,
      "template_acc": 0.5666666666666667,
      "template_p": 0.42917634181436776,
      "majority": 0.5333333333333333,
      "max_snr": 0.0373982606595663,
      "n_train": 139,
      "n_test": 30
    },
    "target_sk_lsb": {
      "xgb_acc": 0.4666666666666667,
      "xgb_p": 0.9008671045583384,
      "template_acc": 0.5333333333333333,
      "template_p": 0.7113469975639358,
      "majority": 0.5666666666666667,
      "max_snr": 0.018164619476352877,
      "n_train": 139,
      "n_test": 30
    }
  },
  "2500": {
    "target_rejection": {
      "xgb_acc": 0.6333333333333333,
      "xgb_p": 0.18044239470223722,
      "template_acc": 0.5666666666666667,
      "template_p": 0.42917634181436776,
      "majority": 0.5333333333333333,
      "max_snr": 0.009991919746875858,
      "n_train": 139,
      "n_test": 30
    },
    "target_msg_hw_parity": {
      "xgb_acc": 0.4666666666666667,
      "xgb_p": 0.8199298532569769,
      "template_acc": 0.5666666666666667,
      "template_p": 0.42917634181436776,
      "majority": 0.5333333333333333,
      "max_snr": 0.023258844765208952,
      "n_train": 139,
      "n_test": 30
    },
    "target_sk_lsb": {
      "xgb_acc": 0.4666666666666667,
      "xgb_p": 0.9008671045583384,
      "template_acc": 0.6,
      "template_p": 0.43028341757888866,
      "majority": 0.5666666666666667,
      "max_snr": 0.028685751857712192,
      "n_train": 139,
      "n_test": 30
    }
  },
  "5000": {
    "target_rejection": {
      "xgb_acc": 0.4666666666666667,
      "xgb_p": 0.8199298532569769,
      "template_acc": 0.5333333333333333,
      "template_p": 0.573955720812787,
      "majority": 0.5333333333333333,
      "max_snr": 0.009991919746875858,
      "n_train": 139,
      "n_test": 30
    },
    "target_msg_hw_parity": {
      "xgb_acc": 0.4666666666666667,
      "xgb_p": 0.8199298532569769,
      "template_acc": 0.4666666666666667,
      "template_p": 0.8199298532569769,
      "majority": 0.5333333333333333,
      "max_snr": 0.019353271673550478,
      "n_train": 139,
      "n_test": 30
    },
    "target_sk_lsb": {
      "xgb_acc": 0.5,
      "xgb_p": 0.8217312997105686,
      "template_acc": 0.5666666666666667,
      "template_p": 0.5760200886822466,
      "majority": 0.5666666666666667,
      "max_snr": 0.01831157173375521,
      "n_train": 139,
      "n_test": 30
    }
  }
}