{
  "dummy": {
    "accuracy": 0.5531914893617021
  },
  "xgboost": {
    "accuracy": 0.526595744680851,
    "precision": 0.5700934579439252,
    "recall": 0.5865384615384616,
    "f1": 0.5781990521327014,
    "confusion_matrix": [
      [
        38,
        46
      ],
      [
        43,
        61
      ]
    ],
    "p_value": 0.25583980908616655
  },
  "random_forest": {
    "accuracy": 0.4946808510638298,
    "precision": 0.5348837209302325,
    "recall": 0.6634615384615384,
    "f1": 0.592274678111588,
    "confusion_matrix": [
      [
        24,
        60
      ],
      [
        35,
        69
      ]
    ],
    "p_value": 0.586559841971313
  },
  "cnn_1d": {
    "accuracy": 0.5319148936170213,
    "precision": 0.5540540540540541,
    "recall": 0.7884615384615384,
    "f1": 0.6507936507936508,
    "confusion_matrix": [
      [
        18,
        66
      ],
      [
        22,
        82
      ]
    ],
    "p_value": 0.21123945478791964
  }
}