{
  "total_tests": 15,
  "bonferroni_alpha": 0.0033333333333333335,
  "any_significant": false,
  "results": {
    "target_lsb_c0": {
      "dummy": {
        "name": "Dummy",
        "accuracy": 0.5018181818181818,
        "precision": 0.0,
        "recall": 0.0,
        "f1": 0.0,
        "confusion_matrix": [
          [
            138,
            0
          ],
          [
            137,
            0
          ]
        ],
        "p_value": 0.5240644722553314,
        "correct": 138,
        "total": 275,
        "ci_95": [
          0.4431057879695368,
          0.5604804774944399
        ]
      },
      "xgboost": {
        "name": "XGBoost",
        "accuracy": 0.5309090909090909,
        "precision": 0.5357142857142857,
        "recall": 0.43795620437956206,
        "f1": 0.4819277108433735,
        "confusion_matrix": [
          [
            86,
            52
          ],
          [
            77,
            60
          ]
        ],
        "p_value": 0.18287167689087025,
        "correct": 146,
        "total": 275,
        "ci_95": [
          0.4719062257031165,
          0.589060287184487
        ]
      },
      "random_forest": {
        "name": "RandomForest",
        "accuracy": 0.48363636363636364,
        "precision": 0.47863247863247865,
        "recall": 0.40875912408759124,
        "f1": 0.4409448818897638,
        "confusion_matrix": [
          [
            77,
            61
          ],
          [
            81,
            56
          ]
        ],
        "p_value": 0.7464169411698229,
        "correct": 133,
        "total": 275,
        "ci_95": [
          0.4252050826229987,
          0.5425185282012112
        ]
      },
      "gradient_boosting": {
        "name": "GradientBoosting",
        "accuracy": 0.5309090909090909,
        "precision": 0.5333333333333333,
        "recall": 0.46715328467153283,
        "f1": 0.4980544747081712,
        "confusion_matrix": [
          [
            82,
            56
          ],
          [
            73,
            64
          ]
        ],
        "p_value": 0.18287167689087025,
        "correct": 146,
        "total": 275,
        "ci_95": [
          0.4719062257031165,
          0.589060287184487
        ]
      },
      "dnn": {
        "name": "DNN",
        "accuracy": 0.5309090909090909,
        "precision": 0.5333333333333333,
        "recall": 0.46715328467153283,
        "f1": 0.4980544747081712,
        "confusion_matrix": [
          [
            82,
            56
          ],
          [
            73,
            64
          ]
        ],
        "p_value": 0.18287167689087025,
        "correct": 146,
        "total": 275,
        "ci_95": [
          0.4719062257031165,
          0.589060287184487
        ]
      },
      "cnn_seq": {
        "name": "CNN-Seq",
        "accuracy": 0.5127272727272727,
        "precision": 0.512,
        "recall": 0.46715328467153283,
        "f1": 0.48854961832061067,
        "confusion_matrix": [
          [
            77,
            61
          ],
          [
            73,
            64
          ]
        ],
        "p_value": 0.3815687677732342,
        "correct": 141,
        "total": 275,
        "ci_95": [
          0.4538829556275159,
          0.5712209026203208
        ]
      }
    },
    "target_hw_bin": {
      "dummy": {
        "name": "Dummy",
        "accuracy": 0.5963636363636363,
        "precision": 0.5963636363636363,
        "recall": 1.0,
        "f1": 0.7471526195899773,
        "confusion_matrix": [
          [
            0,
            111
          ],
          [
            0,
            164
          ]
        ],
        "p_value": 0.5260621146786896,
        "correct": 164,
        "total": 275,
        "ci_95": [
          0.5374332626158403,
          0.6526388069749237
        ]
      },
      "xgboost": {
        "name": "XGBoost",
        "accuracy": 0.5127272727272727,
        "precision": 0.5903614457831325,
        "recall": 0.5975609756097561,
        "f1": 0.593939393939394,
        "confusion_matrix": [
          [
            43,
            68
          ],
          [
            66,
            98
          ]
        ],
        "p_value": 0.9979232859874685,
        "correct": 141,
        "total": 275,
        "ci_95": [
          0.4538829556275159,
          0.5712209026203208
        ]
      },
      "random_forest": {
        "name": "RandomForest",
        "accuracy": 0.5163636363636364,
        "precision": 0.591715976331361,
        "recall": 0.6097560975609756,
        "f1": 0.6006006006006006,
        "confusion_matrix": [
          [
            42,
            69
          ],
          [
            64,
            100
          ]
        ],
        "p_value": 0.9969763008336773,
        "correct": 142,
        "total": 275,
        "ci_95": [
          0.4574814717987888,
          0.5747949173770012
        ]
      },
      "gradient_boosting": {
        "name": "GradientBoosting",
        "accuracy": 0.5127272727272727,
        "precision": 0.5833333333333334,
        "recall": 0.6402439024390244,
        "f1": 0.6104651162790697,
        "confusion_matrix": [
          [
            36,
            75
          ],
          [
            59,
            105
          ]
        ],
        "p_value": 0.9979232859874685,
        "correct": 141,
        "total": 275,
        "ci_95": [
          0.4538829556275159,
          0.5712209026203208
        ]
      },
      "dnn": {
        "name": "DNN",
        "accuracy": 0.5018181818181818,
        "precision": 0.5645933014354066,
        "recall": 0.7195121951219512,
        "f1": 0.6327077747989276,
        "confusion_matrix": [
          [
            20,
            91
          ],
          [
            46,
            118
          ]
        ],
        "p_value": 0.9993794327892346,
        "correct": 138,
        "total": 275,
        "ci_95": [
          0.4431057879695368,
          0.5604804774944399
        ]
      },
      "cnn_seq": {
        "name": "CNN-Seq",
        "accuracy": 0.5927272727272728,
        "precision": 0.6120689655172413,
        "recall": 0.8658536585365854,
        "f1": 0.7171717171717171,
        "confusion_matrix": [
          [
            21,
            90
          ],
          [
            22,
            142
          ]
        ],
        "p_value": 0.5746113994123708,
        "correct": 163,
        "total": 275,
        "ci_95": [
          0.5337659591180444,
          0.6491335795447664
        ]
      }
    },
    "target_hw_parity": {
      "dummy": {
        "name": "Dummy",
        "accuracy": 0.5490909090909091,
        "precision": 0.0,
        "recall": 0.0,
        "f1": 0.0,
        "confusion_matrix": [
          [
            151,
            0
          ],
          [
            124,
            0
          ]
        ],
        "p_value": 0.524939771382805,
        "correct": 151,
        "total": 275,
        "ci_95": [
          0.49000649063955704,
          0.6068226768878132
        ]
      },
      "xgboost": {
        "name": "XGBoost",
        "accuracy": 0.5309090909090909,
        "precision": 0.48031496062992124,
        "recall": 0.49193548387096775,
        "f1": 0.4860557768924303,
        "confusion_matrix": [
          [
            85,
            66
          ],
          [
            63,
            61
          ]
        ],
        "p_value": 0.7477856498350339,
        "correct": 146,
        "total": 275,
        "ci_95": [
          0.4719062257031165,
          0.589060287184487
        ]
      },
      "random_forest": {
        "name": "RandomForest",
        "accuracy": 0.509090909090909,
        "precision": 0.44329896907216493,
        "recall": 0.3467741935483871,
        "f1": 0.3891402714932127,
        "confusion_matrix": [
          [
            97,
            54
          ],
          [
            81,
            43
          ]
        ],
        "p_value": 0.9180733369165223,