{
  "sk_byte0": {
    "dummy_mse": 4699.307359867501,
    "ridge_mse": 5311.204460177682,
    "ridge_r2": -0.1325224680121131,
    "ridge_mse_ratio": 1.1302100614945592,
    "ridge_corr": -0.32903825525486535,
    "xgb_mse": 6253.078877591245,
    "xgb_r2": -0.3333608932251755,
    "xgb_mse_ratio": 1.330638410884355,
    "xgb_corr": -0.1365575995031795
  },
  "message_hw": {
    "dummy_mse": 56.96855925331677,
    "ridge_mse": 60.58254610264394,
    "ridge_r2": -0.06918761260450901,
    "ridge_mse_ratio": 1.0634382701036407,
    "ridge_corr": -0.018512416178070104,
    "xgb_mse": 66.00147617011486,
    "xgb_r2": -0.16482329110328986,
    "xgb_mse_ratio": 1.1585596868727583,
    "xgb_corr": 0.14177854215550342
  },
  "coeff0_hw": {
    "dummy_mse": 3.9765798871694003,
    "ridge_mse": 4.298929835394506,
    "ridge_r2": -0.10512335100115822,
    "ridge_mse_ratio": 1.0810621079851006,
    "ridge_corr": -0.14717866959185166,
    "xgb_mse": 5.233909247235488,
    "xgb_r2": -0.3454779555875289,
    "xgb_mse_ratio": 1.3161836039363657,
    "xgb_corr": -0.2715347921481093
  }
}