{
  "experiment": "unsupervised_clustering_spectral",
  "kmeans": {
    "k=2": {
      "inertia": 1174.0230034873475,
      "ari_sk_byte0_lsb": -0.00026840084328773957,
      "nmi_sk_byte0_lsb": 4.1346565028595594e-05,
      "ari_sk_byte0_parity": -0.00036272882471918085,
      "ari_valid_ct": 0.0017353419468630771
    },
    "k=3": {
      "inertia": 800.8553327671228,
      "ari_sk_byte0_lsb": -0.003631471916043337,
      "nmi_sk_byte0_lsb": 0.001112795935646652,
      "ari_sk_byte0_parity": 0.011573638493417577,
      "ari_valid_ct": 0.008029310409904282
    },
    "k=4": {
      "inertia": 553.0385138634697,
      "ari_sk_byte0_lsb": -0.0018195915513675015,
      "nmi_sk_byte0_lsb": 0.02009811466973988,
      "ari_sk_byte0_parity": 0.013353047810517415,
      "ari_valid_ct": 0.008434858858892356
    },
    "k=5": {
      "inertia": 383.36281059588384,
      "ari_sk_byte0_lsb": -0.0009488291078589451,
      "nmi_sk_byte0_lsb": 0.01969734166152191,
      "ari_sk_byte0_parity": 0.012603795391384376,
      "ari_valid_ct": 0.007898448610249893
    }
  },
  "umap": {
    "available": false
  },
  "tsne_dim0_corr_lsb": {
    "r": -0.04571644304274715,
    "p": 0.5203461773608673
  },
  "tsne_dim1_corr_lsb": {
    "r": -0.0016193120783629944,
    "p": 0.9818441049677569
  },
  "psd_analysis": {
    "n_keys_analyzed": 20,
    "peak_freq_mean": 0.036210000000000006,
    "peak_freq_std": 0.10303664348182155,
    "peak_freq_cv": 2.845530060254668
  },
  "feature_correlations": {
    "timing_mean_vs_sk_byte0_lsb": {
      "r": -0.08650295623476392,
      "p": 0.2232418496886456
    },
    "timing_mean_vs_sk_byte0_parity": {
      "r": 0.005782853177414407,
      "p": 0.935227263646101
    },
    "timing_mean_vs_sk_byte0": {
      "r": -0.033809450243094036,
      "p": 0.6345897247157
    },
    "timing_median_vs_sk_byte0_lsb": {
      "r": -0.035984029957515616,
      "p": 0.6129513136448614
    },
    "timing_median_vs_sk_byte0_parity": {
      "r": 0.03229169057630049,
      "p": 0.649879620414647
    },
    "timing_median_vs_sk_byte0": {
      "r": -0.06755001527566049,
      "p": 0.34190921547264114
    },
    "timing_std_vs_sk_byte0_lsb": {
      "r": -0.09597431121682942,
      "p": 0.17640825933681664
    },
    "timing_std_vs_sk_byte0_parity": {
      "r": -0.0088888225073968,
      "p": 0.9005857262778089
    },
    "timing_std_vs_sk_byte0": {
      "r": -0.020053046640097633,
      "p": 0.7780633787757539
    },
    "timing_min_vs_sk_byte0_lsb": {
      "r": 0.013392555220957034,
      "p": 0.8507037172830547
    },
    "timing_min_vs_sk_byte0_parity": {
      "r": 0.09883083166468824,
      "p": 0.16382268251961218
    },
    "timing_min_vs_sk_byte0": {
      "r": -0.10832876113260698,
      "p": 0.12678730767045368
    },
    "timing_max_vs_sk_byte0_lsb": {
      "r": -0.09464778927782364,
      "p": 0.18249024822544752
    },
    "timing_max_vs_sk_byte0_parity": {
      "r": -0.009050183606127082,
      "p": 0.8987905842470403
    },
    "timing_max_vs_sk_byte0": {
      "r": -0.01942030556627455,
      "p": 0.7848925309199891
    },
    "timing_iqr_vs_sk_byte0_lsb": {
      "r": 0.01911134158079414,
      "p": 0.7882331851103284
    },
    "timing_iqr_vs_sk_byte0_parity": {
      "r": -0.017055060041800144,
      "p": 0.8105623800830177
    },
    "timing_iqr_vs_sk_byte0": {
      "r": -0.019541152966372575,
      "p": 0.7835869412366108
    },
    "timing_skew_vs_sk_byte0_lsb": {
      "r": -0.033437008290792464,
      "p": 0.6383277250034547
    },
    "timing_skew_vs_sk_byte0_parity": {
      "r": -0.057783023702986935,
      "p": 0.4163713836450864
    },
    "timing_skew_vs_sk_byte0": {
      "r": -0.08722222924062048,
      "p": 0.21940234690913094
    },
    "timing_kurt_vs_sk_byte0_lsb": {
      "r": -0.024519826036582912,
      "p": 0.7303642728970151
    },
    "timing_kurt_vs_sk_byte0_parity": {
      "r": -0.08116689794870374,
      "p": 0.25321941672552656
    },
    "timing_kurt_vs_sk_byte0": {
      "r": -0.0807468201720194,
      "p": 0.2556922318481541
    }
  }
}