{
  "target_sk_lsb": {
    "ksg_mi_classif_per_feature": {
      "timing_min": 0.03488228682823515,
      "timing_median": 0.00016093372243948246,
      "timing_mean": 0.027810131381243774,
      "timing_std": 0.060667894063382466,
      "timing_max": 0.0,
      "timing_p90": 0.0,
      "timing_p95": 0.0,
      "timing_p99": 0.015910867488973725,
      "timing_range": 0.0,
      "timing_iqr": 0.006529653896473375,
      "timing_var": 0.05736848563807451,
      "timing_kurtosis": 0.0,
      "timing_skew": 0.0,
      "spike_count": 0.0,
      "spike_ratio": 0.0005653065456103334,
      "spike_mean": 0.036955197095512204,
      "cv": 0.012146731715572567
    },
    "ksg_mi_classif_max": 0.060667894063382466,
    "ksg_mi_classif_max_bits": 0.08752526990641887,
    "ksg_mi_classif_best_feature": "timing_std",
    "ksg_mi_regression_max": 0.07590057976037246,
    "ksg_mi_regression_max_bits": 0.10950139002088657,
    "ksg_mi_regression_best_feature": "timing_median",
    "target_entropy_nats": 0.6931213017589937,
    "target_entropy_bits": 0.999962664782203,
    "mi_over_entropy_pct": 8.752853780344122
  },
  "target_msg_hw_parity": {
    "ksg_mi_classif_per_feature": {
      "timing_min": 0.008732351248360937,
      "timing_median": 0.0,
      "timing_mean": 0.0,
      "timing_std": 0.034459249958896265,
      "timing_max": 0.0,
      "timing_p90": 0.0,
      "timing_p95": 0.0,
      "timing_p99": 0.010676721515791021,
      "timing_range": 0.0,
      "timing_iqr": 0.0032252321924805204,
      "timing_var": 0.03578349232207234,
      "timing_kurtosis": 0.0,
      "timing_skew": 0.0,
      "spike_count": 0.0016454824763574738,
      "spike_ratio": 0.0008706173646210846,
      "spike_mean": 0.0012110921887771298,
      "cv": 0.019206477152166723
    },
    "ksg_mi_classif_max": 0.03578349232207234,
    "ksg_mi_classif_max_bits": 0.05162466691874207,
    "ksg_mi_classif_best_feature": "timing_var",
    "ksg_mi_regression_max": 0.12317751342996353,
    "ksg_mi_regression_max_bits": 0.17770758777444207,
    "ksg_mi_regression_best_feature": "timing_iqr",
    "target_entropy_nats": 0.6918785937236656,
    "target_entropy_bits": 0.9981698160623622,
    "mi_over_entropy_pct": 5.171932279258256
  },
  "target_rejection": {
    "ksg_mi_classif_per_feature": {
      "timing_min": 0.002342509144130167,
      "timing_median": 0.0,
      "timing_mean": 0.0,
      "timing_std": 0.021520823265084754,
      "timing_max": 0.02702042778160596,
      "timing_p90": 0.002454265811917056,
      "timing_p95": 0.0,
      "timing_p99": 0.003848470239032764,
      "timing_range": 0.02702042778160596,
      "timing_iqr": 0.0021835608361369997,
      "timing_var": 0.021624722479169023,
      "timing_kurtosis": 0.0774150337695696,
      "timing_skew": 0.0,
      "spike_count": 0.0006040672521163248,
      "spike_ratio": 0.0,
      "spike_mean": 0.0151034186437351,
      "cv": 0.0
    },
    "ksg_mi_classif_max": 0.0774150337695696,
    "ksg_mi_classif_max_bits": 0.1116862853096097,
    "ksg_mi_classif_best_feature": "timing_kurtosis",
    "ksg_mi_regression_max": 0.0774150337695696,
    "ksg_mi_regression_max_bits": 0.1116862853096097,
    "ksg_mi_regression_best_feature": "timing_kurtosis",
    "target_entropy_nats": 0.6910495486679222,
    "target_entropy_bits": 0.9969737568717678,
    "mi_over_entropy_pct": 11.202530110727373
  }
}